City_ID,City,Lat,Lng,Max Temp,Humidity,Cloudiness,Wind Speed,Country,Date
0,la rinconada,37.4873,-5.9826,21.14,43,0,0.51,ES,1676904550
1,yellowknife,62.456,-114.3525,-33.58,75,0,4.63,CA,1676904370
2,atuona,-9.8,-139.0333,25.48,74,44,2.89,PF,1676904552
3,rikitea,-23.1203,-134.9692,25.87,71,8,4.49,PF,1676904554
4,talnakh,69.4865,88.3972,-15.44,95,100,3.24,RU,1676904554
5,saint-pierre,-21.3393,55.4781,27.82,83,75,13.38,RE,1676904556
6,gweta,-20.1833,25.2333,31.62,27,52,5.9,BW,1676904559
7,kodiak,57.79,-152.4072,0.73,55,0,6.69,US,1676904560
8,punta arenas,-53.15,-70.9167,11.06,62,75,8.75,CL,1676904562
9,saint-francois,46.4154,3.9054,16.65,57,0,0.51,FR,1676904563
10,russell,32.3502,-85.1999,15.23,93,0,1.54,US,1676904373
11,kruisfontein,-34.0033,24.7314,19.94,76,77,13.97,ZA,1676904565
12,busselton,-33.65,115.3333,23.15,60,63,6.12,AU,1676904566
13,qaanaaq,77.484,-69.3632,-16.68,97,100,3.71,GL,1676904567
14,mareeba,-17.0,145.4333,22.4,93,87,0.78,AU,1676904568
15,chazuta,-6.5742,-76.1367,23.47,71,100,0.44,PE,1676904570
16,rafai,4.95,23.9167,36.73,15,100,1.99,CF,1676904572
17,ati,13.2154,18.3353,34.33,7,0,4.61,TD,1676904573
18,haines junction,60.7522,-137.5108,-7.03,79,100,0.51,CA,1676904575
19,puerto ayora,-0.7393,-90.3518,28.98,84,62,3.58,EC,1676904575
20,ilulissat,69.2167,-51.1,-16.99,71,75,3.6,GL,1676904577
21,portland,45.5234,-122.6762,8.12,89,75,4.47,US,1676904307
22,sisimiut,66.9395,-53.6735,-17.67,94,100,3.62,GL,1676904579
23,nikolskoye,59.7035,30.7861,-6.06,94,100,2.87,RU,1676904580
24,ilovlya,49.3033,43.9796,-2.22,88,100,3.9,RU,1676904582
25,taraza,7.5836,-75.4007,29.36,60,39,1.56,CO,1676904584
26,albany,42.6001,-73.9662,8.78,83,100,0.45,US,1676904369
27,jamestown,42.097,-79.2353,5.57,70,75,5.14,US,1676904585
28,bredasdorp,-34.5322,20.0403,17.5,56,78,11.13,ZA,1676904586
29,avera,33.194,-82.5271,15.31,61,89,5.16,US,1676904587
30,korla,41.7597,86.1469,0.7,73,100,0.4,CN,1676904588
31,marsaxlokk,35.8419,14.5431,16.34,77,40,2.57,MT,1676904588
32,faanui,-16.4833,-151.75,27.69,75,39,6.17,PF,1676904589
33,ushuaia,-54.8,-68.3,9.81,62,75,1.54,AR,1676904590
34,saint anthony,45.0205,-93.218,-5.98,90,100,3.6,US,1676904591
35,mataura,-46.1927,168.8643,15.27,75,30,1.32,NZ,1676904591
36,mar del plata,-38.0023,-57.5575,26.57,62,0,4.47,AR,1676904592
37,karratha,-20.7377,116.8463,30.56,65,34,3.53,AU,1676904593
38,xichang,27.8964,102.2634,11.64,63,92,1.72,CN,1676904593
39,dikson,73.5069,80.5464,-18.02,100,100,1.24,RU,1676904594
40,provideniya,64.3833,-173.3,-17.59,95,100,5.21,RU,1676904595
41,ribeira grande,38.5167,-28.7,16.22,72,75,5.81,PT,1676904596
42,coihaique,-45.5752,-72.0662,12.97,58,100,1.54,CL,1676904493
43,khatanga,71.9667,102.5,-10.63,92,100,6.85,RU,1676904597
44,labuhan,-6.8844,112.2051,25.9,86,100,3.67,ID,1676904598
45,zhangye,38.9342,100.4517,-1.23,43,84,1.14,CN,1676904598
46,lazaro cardenas,17.9583,-102.2,26.31,45,33,1.53,MX,1676904599
47,saskylakh,71.9167,114.0833,-13.08,93,99,4.31,RU,1676904599
48,banepa,27.6298,85.5214,15.18,72,20,2.57,NP,1676904408
49,cape town,-33.9258,18.4232,20.23,50,75,8.23,ZA,1676904301
50,chuy,-33.6971,-53.4616,24.54,46,100,4.23,UY,1676904600
51,bardiyah,31.7561,25.0865,15.44,56,0,7.04,LY,1676904601
52,arraial do cabo,-22.9661,-42.0278,29.98,70,20,9.26,BR,1676904602
53,clyde river,70.4692,-68.5914,-35.87,61,0,0.0,CA,1676904347
54,tuktoyaktuk,69.4541,-133.0374,-33.0,75,40,2.06,CA,1676904604
55,bengkulu,-3.8004,102.2655,24.33,89,100,1.69,ID,1676904606
56,clifton,40.8584,-74.1638,9.86,89,0,5.66,US,1676904607
57,salamiyah,35.0113,37.0532,13.72,42,0,3.5,SY,1676904608
58,saint-philippe,-21.3585,55.7679,27.77,91,100,8.0,RE,1676904609
59,victoria,22.2855,114.1577,19.1,76,69,4.92,HK,1676904479
60,hithadhoo,-0.6,73.0833,27.8,71,48,1.87,MV,1676904611
61,fukue,32.6881,128.8419,6.36,61,10,11.38,JP,1676904612
62,lagos,6.5833,3.75,35.18,40,4,4.38,NG,1676904207
63,sitka,57.0531,-135.33,2.94,87,100,3.6,US,1676904613
64,liverpool,53.4106,-2.9779,14.23,78,20,8.23,GB,1676904337
65,alta floresta,-9.8756,-56.0861,21.46,99,100,1.81,BR,1676904616
66,matamoros,25.5333,-103.25,15.06,34,7,0.78,MX,1676904617
67,avarua,-21.2078,-159.775,27.03,74,20,2.57,CK,1676904617
68,wajima,37.4,136.9,2.17,61,100,10.86,JP,1676904618
69,kapaa,22.0752,-159.319,22.99,94,100,1.79,US,1676904619
70,lavrentiya,65.5833,-171.0,-20.29,98,100,3.61,RU,1676904620
71,aripuana,-9.1667,-60.6333,24.63,94,100,0.63,BR,1676904621
72,westport,41.1415,-73.3579,10.74,88,0,0.0,US,1676904597
73,longyearbyen,78.2186,15.6401,-15.09,72,75,5.14,SJ,1676904622
74,denpasar,-8.65,115.2167,27.81,88,40,5.66,ID,1676904464
75,hermanus,-34.4187,19.2345,18.78,64,94,11.66,ZA,1676904624
76,bluff,-46.6,168.3333,15.45,85,66,6.24,NZ,1676904625
77,algiers,36.7525,3.042,19.9,46,0,3.6,DZ,1676904526
78,vaini,-21.2,-175.2,24.09,100,100,1.03,TO,1676904626
79,manyana,-23.4,21.7167,33.1,15,11,4.17,BW,1676904627
80,hobart,-42.8794,147.3294,13.92,70,100,3.09,AU,1676904628
81,ronneby,56.21,15.276,7.28,87,40,8.23,SE,1676904629
82,dubasari,47.2631,29.1608,8.44,46,45,5.75,MD,1676904630
83,butaritari,3.0707,172.7902,26.74,79,100,3.62,KI,1676904632
84,mangrol,21.1167,70.1167,23.28,70,1,4.57,IN,1676904632
85,beloha,-25.1667,45.05,29.71,63,35,4.61,MG,1676904633
86,zhireken,52.8249,117.3076,-24.86,99,63,1.09,RU,1676904634
87,kaspiyskiy,45.3929,47.3707,2.35,89,100,5.96,RU,1676904635
88,san andres,12.5847,-81.7006,27.01,83,20,6.17,CO,1676904387
89,abaza,52.655,90.0928,-11.37,97,90,2.0,RU,1676904637
90,krasnoturansk,54.3186,91.5639,-16.36,99,100,1.11,RU,1676904638
91,margate,51.3813,1.3862,12.71,73,0,0.89,GB,1676904639
92,hazorasp,41.3194,61.0742,9.91,40,0,3.13,UZ,1676904639
93,hendersonville,36.3048,-86.62,14.29,85,100,1.34,US,1676904632
94,nouadhibou,20.931,-17.0347,25.99,38,91,9.26,MR,1676904641
95,port alfred,-33.5906,26.891,23.99,71,47,3.13,ZA,1676904641
96,takoradi,4.8845,-1.7554,29.36,67,18,5.09,GH,1676904407
97,sao miguel do araguaia,-13.275,-50.1628,26.68,77,83,3.43,BR,1676904643
98,georgetown,5.4112,100.3354,28.96,83,20,2.57,MY,1676904643
99,walvis bay,-22.9575,14.5053,27.53,41,0,6.17,NA,1676904644
100,longmont,40.1672,-105.1019,8.59,40,0,5.66,US,1676904645
101,herford,52.1333,8.6833,8.17,87,100,8.66,DE,1676904646
102,hilo,19.7297,-155.09,20.14,97,100,2.06,US,1676904646
103,betioky,-23.7167,44.3833,29.5,64,71,2.95,MG,1676904647
104,maple creek,49.9168,-109.4848,-8.77,85,100,3.6,CA,1676904601
105,gizo,-8.103,156.8419,27.63,75,82,1.34,SB,1676904649
106,aklavik,68.2191,-135.0107,-24.0,77,100,1.03,CA,1676904650
107,bambous virieux,-20.3428,57.7575,28.14,89,75,14.4,MU,1676904650
108,port elizabeth,-33.918,25.5701,21.17,73,20,14.4,ZA,1676904651
109,college,64.8569,-147.8028,-12.82,81,100,0.0,US,1676904652
110,hambantota,6.1241,81.1185,25.19,100,40,2.06,LK,1676904653
111,teguise,29.0605,-13.564,21.12,56,20,3.6,ES,1676904653
112,saijo,33.9167,133.1833,6.38,85,90,5.27,JP,1676904654
113,general bravo,25.8,-99.1667,20.03,81,21,0.37,MX,1676904655
114,cherskiy,68.75,161.3,-40.59,100,79,1.09,RU,1676904656
115,tasiilaq,65.6145,-37.6368,-5.91,93,100,4.0,GL,1676904657
116,stanghelle,60.5528,5.7357,7.1,97,96,8.46,NO,1676904658
117,pandan,14.0453,124.1694,24.85,93,79,4.48,PH,1676904658
118,lipari,38.4674,14.954,15.62,68,0,1.82,IT,1676904659
119,itarema,-2.9248,-39.9167,30.3,58,100,4.76,BR,1676904660
120,plauen,50.5,12.1333,11.83,68,19,3.13,DE,1676904660
121,lagoa,39.05,-27.9833,14.74,70,99,5.81,PT,1676904661
122,thompson,55.7435,-97.8558,-37.91,67,0,1.54,CA,1676904663
123,port-gentil,-0.7193,8.7815,31.98,74,40,4.12,GA,1676904614
124,anju,39.6178,125.6647,-4.82,41,0,5.43,KP,1676904664
125,dunedin,-45.8742,170.5036,16.0,87,79,2.28,NZ,1676904616
126,zheleznodorozhnyy,55.7503,38.0042,-5.88,97,100,1.86,RU,1676904665
127,tiksi,71.6872,128.8694,-21.95,93,100,3.9,RU,1676904666
128,mount gambier,-37.8333,140.7667,15.26,91,95,4.07,AU,1676904587
129,oum hadjer,13.2954,19.6966,34.5,7,2,3.02,TD,1676904668
130,ranavav,21.6842,69.7408,23.73,60,6,3.72,IN,1676904668
131,port blair,11.6667,92.75,26.02,83,40,1.03,IN,1676904671
132,husavik,66.0449,-17.3389,0.11,82,100,3.06,IS,1676904672
133,castro,-24.7911,-50.0119,16.87,99,100,1.0,BR,1676904674
134,lasa,46.6166,10.7002,16.49,78,100,1.78,IT,1676904674
135,namatanai,-3.6667,152.4333,26.11,82,66,1.71,PG,1676904675
136,nabire,-3.3667,135.4833,25.33,82,100,0.79,ID,1676904676
137,puerto ayacucho,5.6639,-67.6236,31.62,38,100,3.75,VE,1676904676
138,mahanje,-9.9333,35.3333,25.67,74,62,1.63,TZ,1676904677
139,east london,-33.0153,27.9116,27.52,65,0,4.12,ZA,1676904678
140,mahebourg,-20.4081,57.7,28.16,89,75,14.4,MU,1676904679
141,thinadhoo,0.5333,72.9333,27.24,76,57,3.01,MV,1676904680
142,inhambane,-23.865,35.3833,28.64,82,100,6.81,MZ,1676904680
143,salalah,17.0151,54.0924,32.05,12,0,6.69,OM,1676904682
144,beringovskiy,63.05,179.3167,-18.56,98,100,5.32,RU,1676904682
145,ambilobe,-13.2,49.05,25.72,88,73,1.53,MG,1676904684
146,macamic,48.7502,-78.9996,-22.29,90,92,3.22,CA,1676904684
147,flin flon,54.7682,-101.865,-38.09,61,0,0.0,CA,1676904685
148,taloqan,36.7361,69.5345,11.94,63,0,0.46,AF,1676904686
149,caravelas,-17.7125,-39.2481,28.83,60,93,2.88,BR,1676904687
150,esperance,-33.8667,121.9,20.24,87,97,6.15,AU,1676904688
151,sabang,5.8933,95.3214,27.72,73,100,5.28,ID,1676904689
152,kununurra,-15.7667,128.7333,27.99,78,75,0.51,AU,1676904690
153,wadi musa,30.3222,35.4793,11.03,45,0,2.95,JO,1676904691
154,kargat,55.1956,80.2811,-12.62,96,100,3.49,RU,1676904539
155,kogon,39.7228,64.5517,11.02,76,0,0.0,UZ,1676904692
156,anadyr,64.75,177.4833,-18.72,84,75,2.0,RU,1676904693
157,pestovo,58.5938,35.8024,-13.39,96,100,2.43,RU,1676904695
158,houma,29.5958,-90.7195,20.01,91,0,2.57,US,1676904696
159,banda aceh,5.5577,95.3222,26.0,82,100,4.47,ID,1676904697
160,waling,27.9833,83.7667,16.04,65,41,1.68,NP,1676904697
161,antequera,37.0194,-4.5612,17.47,47,100,4.91,ES,1676904698
162,tautira,-17.7333,-149.15,27.0,78,100,6.24,PF,1676904699
163,narsaq,60.9167,-46.05,-17.88,66,0,1.04,GL,1676904699
164,antsohihy,-14.8796,47.9875,26.69,81,40,1.91,MG,1676904701
165,scharding,48.4529,13.4372,12.51,61,92,5.31,AT,1676904701
166,valparaiso,-33.0393,-71.6273,21.13,61,0,3.6,CL,1676904586
167,lata,40.1629,-8.3327,20.04,42,100,1.84,PT,1676904702
168,muli,2.9167,73.5667,27.53,75,36,5.63,MV,1676904413
169,angoche,-16.2325,39.9086,28.35,81,84,4.5,MZ,1676904703
170,puerto leguizamo,-0.1934,-74.7819,30.42,43,60,1.15,CO,1676904704
171,tuatapere,-46.1333,167.6833,16.44,86,80,1.48,NZ,1676904615
172,grand gaube,-20.0064,57.6608,28.22,77,100,6.26,MU,1676904705
173,barrow,71.2906,-156.7887,-28.99,76,0,4.63,US,1676904705
174,kabanjahe,3.1001,98.4908,17.12,97,99,0.13,ID,1676904706
175,atherton,53.5237,-2.4935,14.01,79,88,2.68,GB,1676904707
176,shevchenkove,49.6959,37.1735,-1.28,79,99,6.52,UA,1676904708
177,kavieng,-2.5744,150.7967,27.27,80,81,2.91,PG,1676904708
178,hamilton,39.1834,-84.5333,11.54,67,100,3.09,US,1676904500
179,manado,1.487,124.8455,25.43,100,40,0.51,ID,1676904709
180,bethel,41.3712,-73.414,8.62,86,100,0.45,US,1676904520
181,nuuk,64.1835,-51.7216,-12.66,78,100,1.54,GL,1676904157
182,payo,-3.7508,103.6372,22.9,98,100,0.89,ID,1676904710
183,namibe,-15.1961,12.1522,24.56,57,22,6.51,AO,1676904711
184,campbell river,50.0163,-125.2446,5.25,100,100,0.0,CA,1676904712
185,makakilo city,21.3469,-158.0858,22.78,88,100,1.54,US,1676904712
186,cockburn town,21.4612,-71.1419,25.1,63,77,7.57,TC,1676904713
187,lebu,-37.6167,-73.65,16.82,60,0,8.72,CL,1676904435
188,port hedland,-20.3167,118.5667,30.03,70,27,4.12,AU,1676904714
189,cabo san lucas,22.8909,-109.9124,20.84,72,72,0.89,MX,1676904581
190,aviles,43.5547,-5.9248,13.84,82,100,2.06,ES,1676904715
191,tura,25.5198,90.2201,20.99,48,31,1.81,IN,1676904716
192,pacific grove,36.6177,-121.9166,11.47,81,0,3.09,US,1676904600
193,ponta do sol,32.6667,-17.1,20.95,71,10,1.5,PT,1676904717
194,milkovo,54.7167,158.6167,-19.4,100,100,0.27,RU,1676904718
195,tiarei,-17.5333,-149.3333,25.01,77,100,7.65,PF,1676904718
196,boca do acre,-8.7522,-67.3978,28.0,60,93,0.81,BR,1676904719
197,itoman,26.1247,127.6694,17.01,59,100,9.26,JP,1676904720
198,kargasok,59.0556,80.8572,-17.11,100,91,2.26,RU,1676904720
199,greeneville,36.1632,-82.831,11.49,59,40,0.0,US,1676904632
200,soavinandriana,-19.1667,46.7333,20.36,83,50,1.58,MG,1676904722
201,igarka,67.4667,86.5833,-14.5,93,100,3.0,RU,1676904723
202,lichuan,30.3,108.85,3.58,94,100,1.56,CN,1676904724
203,kaitangata,-46.2817,169.8464,13.95,80,48,2.56,NZ,1676904725
204,cloquet,46.7216,-92.4594,-7.85,82,100,3.6,US,1676904727
205,alexandria,31.2156,29.9553,16.98,55,40,4.63,EG,1676904637
206,tabuk,17.4189,121.4443,20.29,94,100,6.8,PH,1676904728
207,ekhabi,53.5102,142.9671,-25.15,100,66,3.09,RU,1676904730
208,baruun-urt,46.6806,113.2792,-17.18,79,15,3.02,MN,1676904730
209,pevek,69.7008,170.3133,-32.69,98,93,0.48,RU,1676904731
210,katsuura,35.1333,140.3,6.01,95,91,10.68,JP,1676904732
211,tramandai,-29.9847,-50.1336,20.06,94,100,2.84,BR,1676904267
212,ippy,6.2679,21.2247,38.98,10,80,3.27,CF,1676904734
213,gerash,27.6652,54.1371,23.08,23,0,2.72,IR,1676904734
214,tsiroanomandidy,-18.7667,46.0333,25.35,69,92,0.52,MG,1676904735
215,najran,17.4924,44.1277,22.36,16,32,6.8,SA,1676904736
216,antofagasta,-23.65,-70.4,22.6,67,53,3.34,CL,1676904481
217,aloleng,16.1307,119.7824,26.23,77,96,5.83,PH,1676904738
218,ilula,-7.6766,36.0366,29.3,89,97,2.06,TZ,1676904739
219,kaabong,3.4836,34.1492,26.71,15,38,7.79,UG,1676904740
220,buala,-8.145,159.5921,26.45,81,79,0.74,SB,1676904741
221,buwenge,0.6422,33.1744,30.25,32,99,3.47,UG,1676904742
222,ikwiriri,-7.9562,38.9716,28.72,65,98,3.89,TZ,1676904742
223,turayf,31.6725,38.6637,20.14,19,0,3.09,SA,1676904743
224,komoro,36.3167,138.4333,-1.81,50,89,0.89,JP,1676904744
225,iqaluit,63.7506,-68.5145,-32.15,75,100,2.06,CA,1676904745
226,manjacaze,-24.7117,33.8828,32.0,52,82,4.56,MZ,1676904746
227,tahta,26.7693,31.5021,22.13,24,0,7.83,EG,1676904747
228,numan,9.4667,12.0333,35.14,8,0,3.7,NG,1676904748
229,mantua,45.1667,10.7833,16.72,66,48,0.89,IT,1676904739
230,pocone,-16.2567,-56.6228,26.57,65,100,0.78,BR,1676904750
231,kirakira,-10.4544,161.9205,26.79,84,82,1.53,SB,1676904751
232,airai,-8.9266,125.4092,16.12,93,99,0.67,TL,1676904752
233,kataysk,56.289,62.5841,-10.13,94,100,4.3,RU,1676904754
234,klaksvik,62.2266,-6.589,6.51,80,8,18.46,FO,1676904756
235,qianan,44.9932,124.0581,-10.57,51,0,3.37,CN,1676904756
236,bilma,18.6853,12.9164,26.85,10,0,2.87,NE,1676904758
237,wokingham,51.4112,-0.8357,13.76,73,40,6.17,GB,1676904759
238,prince george,53.9166,-122.753,-2.43,94,20,1.03,CA,1676904371
239,huarmey,-10.0681,-78.1522,25.11,78,99,3.77,PE,1676904760
240,tomatlan,19.9333,-105.25,26.22,36,0,1.2,MX,1676904761
241,ancud,-41.8697,-73.8203,14.33,57,64,1.58,CL,1676904762
242,carnarvon,-24.8667,113.6333,23.73,83,0,8.86,AU,1676904763
243,uzyn,49.8262,30.4149,2.01,76,100,6.82,UA,1676904765
244,gimbi,9.1667,35.8333,25.87,19,40,2.96,ET,1676904765
245,fivizzano,44.2383,10.126,16.45,80,82,1.85,IT,1676904766
246,buin,-33.7333,-70.75,30.24,20,72,1.28,CL,1676904477
247,tukrah,32.5341,20.5791,15.76,67,15,5.89,LY,1676904768
248,abha,18.2164,42.5053,20.9,56,20,5.14,SA,1676904518
249,senanga,-16.1167,23.2667,30.34,45,83,1.58,ZM,1676904769
250,umm bab,25.2142,50.8072,17.52,59,66,5.33,QA,1676904770
251,te anau,-45.4167,167.7167,16.87,91,99,2.24,NZ,1676904771
252,ostrovnoy,68.0531,39.5131,-12.51,89,12,6.22,RU,1676904771
253,rio de janeiro,-22.9028,-43.2075,31.97,75,40,2.57,BR,1676904126
254,camopi,3.1655,-52.3158,24.16,96,98,1.59,GF,1676904772
255,zhanakorgan,43.9098,67.2495,6.66,82,94,5.5,KZ,1676904773
256,alice springs,-23.7,133.8833,23.75,57,0,1.54,AU,1676904774
257,lashma,54.9321,41.1438,-9.23,97,99,1.93,RU,1676904775
258,panjab,34.388,67.0233,-11.61,97,9,0.73,AF,1676904775
259,codrington,-38.2667,141.9667,15.79,87,97,5.01,AU,1676904776
260,naze,28.3667,129.4833,13.51,64,100,10.41,JP,1676904776
261,aksarka,66.5606,67.7975,-21.61,98,56,2.4,RU,1676904777
262,pitimbu,-7.4706,-34.8086,30.33,68,86,5.75,BR,1676904778
263,careva cuprija,44.2658,18.4292,15.97,58,65,1.6,BA,1676904779
264,murgab,37.4966,61.9714,14.93,41,91,2.06,TM,1676904780
265,little current,45.9793,-81.9248,-12.42,68,9,3.96,CA,1676904780
266,yarmouth,41.7057,-70.2286,10.54,96,100,4.47,US,1676904781
267,constitucion,-35.3333,-72.4167,21.58,52,0,4.66,CL,1676904782
268,padang,-0.9492,100.3543,27.03,87,100,1.47,ID,1676904215
269,roseburg,43.2165,-123.3417,4.17,88,0,1.54,US,1676904787
270,pingdingshan,33.7385,113.3012,8.79,33,100,3.08,CN,1676904789
271,alugan,12.2188,125.4808,25.2,90,51,3.85,PH,1676904790
272,alofi,-19.0595,-169.9187,24.94,94,62,2.57,NU,1676904791
273,sao joao da barra,-21.6403,-41.0511,30.05,76,9,3.67,BR,1676904791
274,morlaix,48.5833,-4.0,11.18,77,20,2.06,FR,1676904792
275,muborak,39.2553,65.1528,13.17,40,100,2.31,UZ,1676904793
276,antalaha,-14.9003,50.2788,26.14,85,92,5.57,MG,1676904794
277,dongsheng,39.8161,109.9776,-2.14,41,100,2.85,CN,1676904795
278,ponta delgada,37.7333,-25.6667,15.4,77,75,5.66,PT,1676904796
279,raga,8.4596,25.678,33.52,13,98,3.67,SS,1676904797
280,pervoye maya,56.164,44.7196,-11.12,95,100,4.45,RU,1676904798
281,taoudenni,22.6783,-3.9836,33.02,7,40,4.89,ML,1676904799
282,tazovskiy,67.4667,78.7,-13.8,86,100,4.96,RU,1676904800
283,mayo,38.8876,-76.5119,11.95,76,0,2.57,US,1676904801
284,sale,34.0389,-6.8166,25.35,52,71,3.09,MA,1676904802
285,broome,42.2506,-75.833,7.89,66,100,3.6,US,1676904803
286,hatillo,18.4863,-66.8254,29.55,67,4,4.02,PR,1676904804
287,wuwei,37.9281,102.6414,-1.41,61,53,1.43,CN,1676904805
288,pisco,-13.7,-76.2167,23.03,88,20,3.6,PE,1676904806
289,lompoc,34.6391,-120.4579,6.99,61,4,2.27,US,1676904808
290,camacha,33.0833,-16.3333,16.68,72,40,5.14,PT,1676904809
291,plettenberg bay,-34.0527,23.3716,15.44,90,100,9.29,ZA,1676904809
292,san jose,37.3394,-121.895,11.72,64,0,2.06,US,1676904670
293,camara de lobos,32.6333,-16.9667,20.35,60,20,7.2,PT,1676904810
294,kasempa,-13.4584,25.8338,24.23,67,33,2.96,ZM,1676904811
295,tawau,4.2498,117.8871,25.07,88,100,1.42,MY,1676904812
296,upernavik,72.7868,-56.1549,-19.85,95,100,2.3,GL,1676904812
297,sept-iles,50.2001,-66.3821,0.03,95,100,4.63,CA,1676904813
298,marsh harbour,26.5412,-77.0636,24.18,74,0,3.9,BS,1676904814
299,san pedro,14.35,121.0167,25.57,89,100,1.54,PH,1676904815
300,dawei,14.0833,98.2,23.95,81,100,1.59,MM,1676904815
301,praya,14.9215,-23.5087,26.3,50,75,10.8,CV,1676904816
302,bitkine,11.9801,18.2138,35.24,8,0,4.18,TD,1676904817
303,mehamn,71.0357,27.8492,-7.03,79,100,5.14,NO,1676904818
304,isangel,-19.55,169.2667,25.53,81,93,4.38,VU,1676904819
305,capela,-10.5033,-37.0528,29.66,52,100,3.81,BR,1676904820
306,yulara,-25.2406,130.9889,27.42,34,66,1.3,AU,1676904820
307,bolu,40.6667,31.5833,2.79,96,100,3.91,TR,1676904821
308,languyan,5.2618,120.0807,25.29,85,99,1.61,PH,1676904822
309,cayenne,4.9333,-52.3333,24.02,100,75,1.54,GF,1676904137
310,general roca,-39.0333,-67.5833,27.57,26,6,2.03,AR,1676904823
311,new norfolk,-42.7826,147.0587,13.72,55,100,1.41,AU,1676904823
312,guerrero negro,27.9769,-114.0611,15.72,66,100,2.07,MX,1676904824
313,rundu,-17.9333,19.7667,32.48,16,79,4.67,NA,1676904825
314,port augusta,-32.5,137.7667,28.46,17,0,3.99,AU,1676904825
315,nehe,48.4833,124.8333,-22.55,88,9,2.17,CN,1676904827
316,kurumkan,54.3,110.3,-16.54,90,100,0.92,RU,1676904828
317,poum,-20.2333,164.0167,26.08,71,0,4.72,NC,1676904829
318,zaragoza,41.6561,-0.8773,19.36,38,0,4.12,ES,1676904792
319,kedrovyy,56.1667,91.8167,-11.74,97,100,1.34,RU,1676904830
320,geraldton,-28.7667,114.6,23.23,78,100,4.63,AU,1676904831
321,bath,51.3779,-2.3591,12.75,85,95,5.79,GB,1676904592
322,huancabamba,-5.2386,-79.4506,19.68,77,100,0.94,PE,1676904832
323,sorland,67.667,12.6934,0.92,69,20,24.0,NO,1676904833
324,shaunavon,49.6501,-108.4181,-9.12,91,97,6.76,CA,1676904834
325,zaykovo,57.5613,62.7568,-12.28,96,98,3.02,RU,1676904834
326,margherita,27.2833,95.6833,21.7,49,89,1.43,IN,1676904835
327,the valley,18.217,-63.0578,26.92,69,69,8.63,AI,1676904835
328,canmore,51.0834,-115.3521,-4.29,86,100,2.57,CA,1676904788
329,lucapa,-8.4192,20.7447,22.99,77,96,3.18,AO,1676904836
330,ibicarai,-14.865,-39.5875,32.56,44,44,1.9,BR,1676904778
331,grindavik,63.8424,-22.4338,3.26,60,40,9.77,IS,1676904837
332,yenagoa,4.9247,6.2642,38.94,20,5,0.95,NG,1676904838
333,port lincoln,-34.7333,135.8667,20.5,72,91,6.84,AU,1676904839
334,arroyo grande,35.1186,-120.5907,8.98,66,0,1.79,US,1676904840
335,zabol,32.25,67.25,8.71,40,0,6.89,AF,1676904841
336,cidreira,-30.1811,-50.2056,21.1,88,100,3.9,BR,1676904842
337,stornoway,58.2093,-6.3865,8.98,69,75,8.23,GB,1676904843
338,bambanglipuro,-7.95,110.2833,25.08,88,100,2.91,ID,1676904844
339,dana point,33.467,-117.6981,14.66,62,3,0.89,US,1676904561
340,salinopolis,-0.6136,-47.3561,28.24,69,91,4.3,BR,1676904846
341,zwedru,6.0667,-8.1281,37.75,22,6,1.81,LR,1676904847
342,tambopata,-12.7333,-69.1833,24.94,83,0,2.57,PE,1676904848
343,luderitz,-26.6481,15.1594,20.98,64,1,4.37,NA,1676904849
344,damietta,31.4165,31.8133,15.94,63,0,5.18,EG,1676904849
345,mazyr,52.0495,29.2456,0.34,97,100,5.36,BY,1676904850
346,mpanda,-6.3655,31.0409,22.61,84,100,1.48,TZ,1676904851
347,vao,-22.6667,167.4833,24.87,77,7,8.04,NC,1676904851
348,nieuwpoort,51.1244,2.7735,9.69,87,75,8.75,BE,1676904853
349,clarksburg,39.2807,-80.3445,12.25,47,40,4.12,US,1676904799
350,shuyskoye,59.3736,41.0305,-13.29,95,100,2.85,RU,1676904855
351,vaitape,-16.5167,-151.75,27.68,75,39,6.16,PF,1676904856
352,cairns,-16.9167,145.7667,24.97,91,89,3.6,AU,1676904856
353,cururupu,-1.8283,-44.8683,29.07,65,75,1.96,BR,1676904857
354,honiara,-9.4333,159.95,25.89,87,98,0.64,SB,1676904858
355,ixtapa,20.7,-105.2,26.09,38,0,1.17,MX,1676904859
356,divnoye,45.9089,43.3547,0.12,99,100,5.39,RU,1676904860
357,severo-kurilsk,50.6789,156.125,-7.63,80,95,7.48,RU,1676904861
358,turinskaya sloboda,57.6232,64.3858,-13.02,96,99,3.24,RU,1676904862
359,koutsouras,35.0339,25.9469,17.28,68,49,0.79,GR,1676904863
360,ulladulla,-35.35,150.4667,21.57,94,70,4.37,AU,1676904864
361,irtyshskiy,58.3333,68.1333,-12.48,96,94,3.48,RU,1676904865
362,cumnock,55.4544,-4.2664,11.11,87,100,7.62,GB,1676904867
363,kushima,31.4583,131.2333,6.01,67,100,3.81,JP,1676904868
364,manjeshwar,12.7194,74.8861,28.53,82,1,2.41,IN,1676904869
365,tiznit,29.5833,-9.5,22.52,27,0,7.75,MA,1676904871
366,neunkirchen,49.35,7.1833,14.02,52,0,5.66,DE,1676904814
367,suoyarvi,62.0833,32.35,-10.15,95,100,3.37,RU,1676904872
368,novyy urengoy,66.0833,76.6333,-21.72,95,75,2.69,RU,1676904873
369,birnin kebbi,12.4539,4.1975,34.47,9,0,6.54,NG,1676904874
370,samarai,-10.6167,150.6667,27.57,78,96,3.55,PG,1676904874
371,meulaboh,4.1363,96.1285,25.56,83,88,0.35,ID,1676904876
372,imeni poliny osipenko,52.4201,136.4853,-18.52,95,100,1.17,RU,1676904876
373,alim,9.5649,122.4876,25.85,81,77,1.0,PH,1676904877
374,abu kamal,34.4506,40.9171,16.38,22,0,1.01,SY,1676904878
375,makaryev,57.8797,43.8069,-12.02,93,100,4.16,RU,1676904878
376,darnah,32.767,22.6367,15.64,68,16,9.23,LY,1676904879
377,humaita,-7.5061,-63.0208,21.95,99,100,1.25,BR,1676904880
378,hope,33.6671,-93.5916,18.03,75,95,6.01,US,1676904282
379,kroya,-7.6331,109.2461,25.56,86,100,2.26,ID,1676904882
380,riyadh,24.6877,46.7219,21.08,19,74,2.03,SA,1676904831
381,naziya,59.8,31.3833,-7.53,99,100,3.02,RU,1676904883
382,poroina mare,44.4953,22.9364,8.15,53,20,9.16,RO,1676904883
383,torbay,47.6666,-52.7314,-0.24,85,75,6.69,CA,1676904884
384,saldanha,-33.0117,17.9442,20.03,63,100,6.82,ZA,1676904885
385,sao filipe,14.8961,-24.4956,22.73,70,46,4.75,CV,1676904885
386,jardim,-21.4803,-56.1381,25.77,77,94,3.64,BR,1676904839
387,bubaque,11.2833,-15.8333,24.13,73,1,4.04,GW,1676904887
388,port-cartier,50.0334,-66.8654,-0.14,96,100,4.49,CA,1676904887
389,constantine,36.365,6.6147,20.67,28,0,2.06,DZ,1676904888
390,freeport,40.6576,-73.5832,10.54,87,100,3.13,US,1676904689
391,port hardy,50.6996,-127.4199,7.1,100,100,2.06,CA,1676904890
392,bairiki,1.3292,172.9752,27.0,83,20,3.09,KI,1676904891
393,nanortalik,60.1432,-45.2371,-8.62,73,41,6.91,GL,1676904892
394,tucuman,-26.8241,-65.2226,23.0,56,0,1.54,AR,1676904892
395,santiago del estero,-27.7951,-64.2615,28.17,24,2,4.76,AR,1676904697
396,adrar,20.5022,-10.0711,33.32,8,12,5.85,MR,1676904894
397,wufeng,27.45,104.8333,2.79,95,100,1.76,CN,1676904895
398,asau,46.4333,26.4,6.51,66,17,5.89,RO,1676904896
399,roccastrada,43.0099,11.1665,16.44,62,11,2.46,IT,1676904896
400,menongue,-14.6585,17.691,28.99,31,100,1.54,AO,1676904897
401,obzor,42.8167,27.8833,8.12,68,100,2.09,BG,1676904898
402,aswan,24.0934,32.907,27.61,21,0,4.12,EG,1676904898
403,tanda,26.55,82.65,20.82,43,0,1.47,IN,1676904899
404,lorengau,-2.0226,147.2712,26.75,85,100,5.52,PG,1676904899
405,kanniyakumari,8.0833,77.5667,26.39,76,69,2.72,IN,1676904900
406,kieta,-6.2167,155.6333,26.5,82,77,0.46,PG,1676904901
407,strezhevoy,60.7333,77.5889,-20.99,100,97,1.79,RU,1676904902
408,platteville,42.7342,-90.4785,-1.27,74,100,3.75,US,1676904485
409,mnogovershinnyy,53.9353,139.9242,-25.18,95,65,1.71,RU,1676904903
410,san carlos,9.6612,-68.5827,31.64,36,4,0.57,VE,1676904686
411,ciudad guayana,8.3533,-62.6528,25.29,83,100,4.03,VE,1676904906
412,la ronge,55.1001,-105.2842,-30.86,76,20,2.57,CA,1676904908
413,nome,64.5011,-165.4064,-8.8,86,100,7.2,US,1676904717
414,tual,-5.6667,132.75,27.55,80,100,1.69,ID,1676904912
415,rio gallegos,-51.6226,-69.2181,13.03,47,75,5.66,AR,1676904912
416,bentiu,9.2333,29.8333,36.87,15,50,2.87,SS,1676904913
417,peniche,39.3558,-9.3811,18.29,77,66,3.18,PT,1676904914
418,lakatoro,-16.0999,167.4164,26.08,83,90,3.21,VU,1676904915
419,northam,51.0333,-4.2167,11.88,96,21,5.67,GB,1676904915
420,wewak,-3.5534,143.6268,26.54,87,100,6.33,PG,1676904916
421,tselinnoye,53.0833,85.6667,-14.61,100,92,1.9,RU,1676904917
422,egvekinot,66.3167,-179.1667,-22.32,96,100,2.63,RU,1676904918
423,roald,62.5833,6.1333,6.29,87,75,11.83,NO,1676904920
424,mangai,-4.05,19.5333,31.2,44,97,0.66,CD,1676904920
425,maridi,4.9158,29.4742,35.73,16,82,3.69,SS,1676904922
426,salamanca,40.8333,-6.0,17.67,50,100,2.29,ES,1676904923
427,mormugao,15.4,73.8,27.59,74,0,3.09,IN,1676904924
428,chodavaram,17.8333,82.95,26.91,86,0,1.74,IN,1676904926
429,muros,42.7762,-9.0603,19.91,57,100,1.87,ES,1676904927
430,bathsheba,13.2167,-59.5167,28.34,61,40,9.26,BB,1676904928
431,lomovka,53.9194,58.3672,-13.78,98,100,1.52,RU,1676904929
432,mirnyy,62.5353,113.9611,-12.09,85,100,4.02,RU,1676904930
433,chokwe,-24.5333,32.9833,33.27,47,86,4.94,MZ,1676904932
434,carballo,43.213,-8.691,18.81,61,100,1.36,ES,1676904933
435,lahat,-3.8,103.5333,22.82,98,100,0.96,ID,1676904933
436,vardo,70.3705,31.1107,-5.01,74,100,4.63,NO,1676904935
437,wolbrom,50.3796,19.7583,7.75,69,100,11.16,PL,1676904860
438,simpang,-1.2667,104.0833,23.98,89,100,0.93,ID,1676904937
439,tocache,-8.1842,-76.5125,22.37,96,100,0.49,PE,1676904937
440,loudeac,48.1783,-2.7543,6.77,54,24,1.15,FR,1676904938
441,broken hill,-31.95,141.4333,26.12,17,0,6.23,AU,1676904938
442,khor,47.8861,134.9464,-24.57,100,99,1.87,RU,1676904939
443,hasaki,35.7333,140.8333,2.9,82,100,12.09,JP,1676904940
444,popondetta,-8.7537,148.2534,23.34,95,99,1.02,PG,1676904941
445,bandarbeyla,9.4942,50.8122,24.76,72,17,10.07,SO,1676904941
446,hofn,64.2539,-15.2082,4.01,56,0,9.77,IS,1676904942
447,progreso,21.2833,-89.6667,26.06,69,3,4.42,MX,1676904943
448,jalu,29.0331,21.5482,18.14,39,0,4.92,LY,1676904944
449,comodoro rivadavia,-45.8667,-67.5,16.92,34,0,7.72,AR,1676904831
450,norman wells,65.282,-126.8329,-20.05,96,100,1.91,CA,1676904945
451,sechura,-5.5569,-80.8222,27.33,62,100,2.62,PE,1676904946
452,mecca,21.4267,39.8261,28.42,36,100,6.32,SA,1676904695
453,richards bay,-28.783,32.0377,33.06,61,34,4.92,ZA,1676904947
454,tchollire,8.4022,14.1698,37.05,7,9,2.19,CM,1676904948
455,oranjemund,-28.55,16.4333,21.67,65,0,8.31,NA,1676904948
456,kapit,2.0167,112.9333,23.0,99,100,0.35,MY,1676904950
457,vostok,46.4856,135.8833,-23.65,99,55,1.32,RU,1676904951
458,prince rupert,54.3161,-130.3201,2.83,100,100,9.26,CA,1676904918
459,saint george,37.1041,-113.5841,0.33,74,0,0.0,US,1676904724
460,carbonia,39.1672,8.5222,21.53,52,0,3.62,IT,1676904865
461,kahului,20.8947,-156.47,23.25,90,0,3.09,US,1676904953
462,erzin,36.9559,36.2,11.69,77,17,1.37,TR,1676904954
463,tabou,4.423,-7.3528,29.82,65,39,4.9,CI,1676904956
464,omboue,-1.5746,9.2618,29.34,68,76,3.62,GA,1676904957
465,praia da vitoria,38.7333,-27.0667,17.14,67,40,4.12,PT,1676904958
466,pemangkat,1.1667,108.9667,25.27,85,83,4.43,ID,1676904958
467,hargeysa,9.56,44.065,19.4,52,2,6.86,SO,1676904959
468,praia,14.9215,-23.5087,26.3,50,75,10.8,CV,1676904960
469,goderich,43.7501,-81.7165,1.18,75,99,4.63,CA,1676904886
470,isla mujeres,21.2311,-86.731,24.03,68,0,4.87,MX,1676904727
471,muroran,42.3172,140.9881,-4.01,71,55,6.58,JP,1676904962
472,rochegda,62.8,43.25,-17.43,99,59,1.97,RU,1676904964
473,tilichiki,60.4667,166.1,-25.09,92,99,3.9,RU,1676904965
474,kumta,14.4167,74.4,25.54,80,0,1.86,IN,1676904965
475,roblin,51.23,-101.3565,-17.98,97,98,1.92,CA,1676904966
476,zelenoborsk,61.4669,64.0333,-22.83,100,94,1.48,RU,1676904967
477,vigrestad,58.5667,5.7,6.99,75,100,13.95,NO,1676904967
478,havre-saint-pierre,50.2334,-63.5986,1.2,86,100,6.69,CA,1676904969
479,ayan,56.45,138.1667,-20.19,73,32,5.0,RU,1676904970
480,la pintada,5.7487,-75.6063,25.9,66,63,0.91,CO,1676904971
481,nyahururu,0.0421,36.3673,21.56,22,99,6.68,KE,1676904972
482,triunfo,-29.9433,-51.7181,24.4,55,81,2.0,BR,1676904973
483,nizwa,22.9333,57.5333,26.01,25,51,0.77,OM,1676904976
484,havelock,34.8791,-76.9013,18.32,83,0,4.12,US,1676904976
485,nurota,40.5614,65.6886,10.48,64,100,1.46,UZ,1676904979
486,juwana,-6.715,111.1514,24.67,92,98,2.19,ID,1676904980
487,flinders,-34.5833,150.8552,22.99,88,4,1.79,AU,1676904982
488,puerto del rosario,28.5004,-13.8627,20.86,64,20,3.09,ES,1676904982
489,kuvshinovo,57.0295,34.1725,-9.85,98,100,1.44,RU,1676904984
490,trairi,-3.2778,-39.2689,31.84,48,76,5.44,BR,1676904899
491,ust-koksa,50.2696,85.6108,-9.93,85,100,0.54,RU,1676904986
492,faya,18.3851,42.4509,21.06,56,33,3.72,SA,1676904987
493,beyneu,45.3167,55.2,3.14,92,89,3.01,KZ,1676904988
494,stabat,3.761,98.4513,26.11,95,90,1.43,ID,1676904989
495,batemans bay,-35.7167,150.1833,22.83,90,95,2.7,AU,1676904990
496,remedios,22.4947,-79.5458,23.51,67,25,6.17,CU,1676904991
497,troitskoye,52.9821,84.6757,-10.88,96,97,2.69,RU,1676904992
498,anzio,41.4853,12.6179,17.77,76,56,2.63,IT,1676904993
499,bonthe,7.5264,-12.505,31.08,57,4,6.44,SL,1676904993
500,rawson,-43.3002,-65.1023,22.81,37,16,10.89,AR,1676904994
501,axim,4.8699,-2.2405,30.11,64,11,5.04,GH,1676904994
502,dapaong,10.8639,0.205,36.02,8,0,4.34,TG,1676904996
503,vanavara,60.34,102.2797,-8.86,95,100,2.72,RU,1676904999
504,kautokeino,69.0125,23.0412,-10.77,97,100,1.54,NO,1676905000
505,watsa,3.0372,29.5355,34.25,16,88,2.09,CD,1676905001
506,chokurdakh,70.6333,147.9167,-32.43,99,100,1.31,RU,1676905002
507,butterworth,5.3991,100.3638,29.02,83,20,2.57,MY,1676905003
508,grimshaw,56.1834,-117.6027,-17.21,85,20,1.03,CA,1676905003
509,mahanoro,-19.9,48.8,26.74,78,24,3.13,MG,1676905004
510,gilgit,35.9221,74.3087,6.86,71,97,0.72,PK,1676905005
511,komsomolskiy,40.4272,71.7189,7.4,76,94,1.03,UZ,1676905005
512,lyambir,54.2817,45.1249,-7.1,98,100,1.5,RU,1676905006
513,baherden,38.4362,57.4316,13.58,34,0,3.1,TM,1676905007
514,gimli,50.6336,-96.9907,-20.99,77,100,5.66,CA,1676904895
515,zhoucheng,35.9122,116.3117,3.34,34,84,3.1,CN,1676905008
516,nerja,36.7585,-3.8873,26.1,67,11,3.13,ES,1676905009
517,grudziadz,53.4841,18.7537,6.77,87,100,9.88,PL,1676905010
518,lillesand,58.2488,8.3778,8.02,61,20,8.23,NO,1676905011
519,pombia,45.653,8.6336,14.5,71,75,1.54,IT,1676905012
520,mount isa,-20.7333,139.5,22.87,88,0,1.54,AU,1676905012
521,leh,34.1667,77.5833,-6.08,87,97,0.94,IN,1676905013
522,neepawa,50.2289,-99.4664,-17.78,96,100,5.03,CA,1676905013
523,san cristobal,7.7669,-72.225,21.1,32,7,1.34,VE,1676905014
524,devils lake,48.1128,-98.8651,-12.01,86,100,4.12,US,1676904826
525,goure,13.9835,10.2704,30.45,9,2,7.15,NE,1676905015
526,vila franca do campo,37.7167,-25.4333,15.23,70,99,1.09,PT,1676905016
527,birjand,32.8663,59.2211,10.5,30,0,1.22,IR,1676905016
528,iberia,29.9502,-91.7507,19.98,94,0,2.57,US,1676905016
529,mbandaka,0.0487,18.2603,36.46,24,96,0.69,CD,1676905017
530,acapulco,16.8634,-99.8901,23.9,57,0,2.06,MX,1676904614
531,skibbereen,51.55,-9.2667,10.62,81,64,6.54,IE,1676904844
532,tessalit,20.1986,1.0114,30.01,6,2,4.17,ML,1676905019
533,touros,-5.1989,-35.4608,30.33,62,89,7.16,BR,1676905019
534,baglung,28.2719,83.5898,14.23,74,85,1.42,NP,1676905020
535,mutoko,-17.397,32.2268,22.31,75,100,4.79,ZW,1676905021
536,marmaris,36.855,28.2742,15.97,70,79,2.63,TR,1676905022
537,tucuma,-0.1833,-50.05,24.88,91,100,1.53,BR,1676905023
538,aasiaat,68.7098,-52.8699,-19.33,95,100,5.21,GL,1676905024
539,vangaindrano,-23.35,47.6,26.1,79,5,3.29,MG,1676905026
540,lerwick,60.1545,-1.1494,8.0,73,20,17.67,GB,1676905026
541,krasnoselkup,65.7,82.4667,-20.41,99,95,2.88,RU,1676905027
542,sioux lookout,50.1001,-91.917,-29.96,76,40,0.0,CA,1676905029
543,funadhoo,6.15,73.2667,27.49,72,16,4.37,MV,1676905030
544,ihosy,-22.4,46.1167,25.44,66,5,3.26,MG,1676905031
545,hudson bay,52.85,-102.3842,-21.24,97,97,1.66,CA,1676905032
546,ambon,-3.6954,128.1814,26.08,89,40,1.03,ID,1676905033
547,lumeje,-11.55,20.7833,25.02,63,70,4.09,AO,1676905034
548,poronaysk,49.2167,143.1167,-19.9,91,18,3.32,RU,1676905035
549,trelleborg,55.3751,13.1569,8.97,84,100,12.16,SE,1676905036
550,araouane,18.9048,-3.5265,32.34,7,41,4.28,ML,1676905037
551,vittorio veneto,45.9767,12.3033,15.89,53,95,0.44,IT,1676905037
552,fortuna,40.5982,-124.1573,7.74,96,100,0.0,US,1676905038
553,assiniboia,49.6334,-105.9845,-15.1,78,100,7.72,CA,1676904844
554,rassvet,46.8333,40.75,-0.79,92,100,3.78,RU,1676905040
555,ahuimanu,21.4447,-157.8378,23.44,87,75,2.24,US,1676905041
556,strelka,58.0728,93.0344,-15.67,99,92,1.17,RU,1676905042
557,akdepe,42.0551,59.3788,12.05,38,14,2.62,TM,1676905043
558,camacari,-12.6975,-38.3242,27.87,76,100,1.49,BR,1676905043
559,baykit,61.67,96.37,-17.31,100,98,0.58,RU,1676905044
560,laredo,27.5064,-99.5075,17.16,94,100,0.0,US,1676905020
561,los llanos de aridane,28.6585,-17.9182,18.86,81,40,3.6,ES,1676905041
562,mollendo,-17.0231,-72.0147,25.33,74,48,5.03,PE,1676905046
563,escanaba,45.7453,-87.0646,-4.46,76,0,3.09,US,1676905048
564,ust-kulom,61.6864,53.6902,-18.68,100,95,1.55,RU,1676905049
565,meadow lake,34.8014,-106.5436,7.6,91,100,3.05,US,1676905050
566,ahipara,-35.1667,173.1667,15.74,91,2,1.81,NZ,1676905051
567,chapais,49.7834,-74.8492,-21.12,89,100,4.44,CA,1676905051
568,cooma,-36.2333,149.1333,14.76,95,42,0.26,AU,1676905052
569,sainte-thecle,46.8168,-72.4991,-0.97,100,100,3.22,CA,1676905053
570,muyezerskiy,63.9333,31.65,-12.66,97,100,3.46,RU,1676905054
571,rome,34.257,-85.1647,15.26,72,0,1.34,US,1676905030
572,bud,39.447,-86.1758,10.46,85,68,0.82,US,1676905055
